"A.P.","Green","currently","has","2664098","shares","outstanding","."
"NNP","NNP","RB","VBZ","CD","NNS","JJ","."
"The","cutoff","we","regularly","used","is","10",",","but","your","mileage","may","vary","."
"DT","NN","PRP","RB","VBD","VBZ","CD",",","CC","PRP$","NN","MD","VB","."
"The","split","ratio","as","proposed","by","Brill","is","0.5","(","50","%",")","."
"DT","NN","NN","IN","VBN","IN","NNP","VBZ","CD","-LRB-","CD","NN","-RRB-","."
"We","found","it","better","to","use","something","like","0.35","-","0.4",",","as","it","more","words","will","be","''","unseen","''",",","and","therefore","the","program","will","''","generalize","''","more","."
"PRP","VBD","PRP","JJR","TO","VB","NN","IN","CD","HYPH","CD",",","IN","PRP","RBR","NNS","MD","VB","''","JJ","''",",","CC","RB","DT","NN","MD","``","VB","''","RBR","."
"Make","the","cheese","sauce","by","combining","a","fat","(","butter",")",",","and","starch","(","flour",")",",","then","whisking","in","the","milk","products","."
"VB","DT","NN","NN","IN","VBG","DT","NN","-LRB-","NN","-RRB-",",","CC","NN","-LRB-","NN","-RRB-",",","RB","VBG","IN","DT","NN","NNS","."
"Bake","and","prepare","to","thoroughly","enjoy","!"
"VB","CC","VB","IN","RB","VB","."
"The","research","conference","was","conducted","to","forge","a","linkage","between","empirical","analysis","and","contemporary","theories","in","various","aspects","of","migration","based","on","theoretical","reflection",",","and","how","this","can","be","applied","by","institutions","of","government","."
"DT","NN","NN","VBD","VBN","TO","VB","DT","NN","IN","JJ","NN","CC","JJ","NNS","IN","JJ","NNS","IN","NN","VBN","IN","JJ","NN",",","CC","WRB","DT","MD","VB","VBN","IN","NNS","IN","NN","."
"If","the","compiled","program","can","run","on","a","computer","whose","CPU","or","operating","system","is","different","from","the","one","on","which","the","compiler","runs",",","the","compiler","is","a","cross-compiler","."
"IN","DT","VBN","NN","MD","VB","IN","DT","NN","WP$","NN","CC","NN","NN","VBZ","JJ","IN","DT","CD","IN","WDT","DT","NN","VBZ",",","DT","NN","VBZ","DT","NN","."
"An","interpreter","is","computer","software","that","transforms","and","then","executes","the","indicated","operations","."
"DT","NN","VBZ","NN","NN","WDT","VBZ","CC","RB","VBZ","DT","VBN","NNS","."
"In","practice",",","an","interpreter","can","be","implemented","for","compiled","languages","and","compilers","can","be","implemented","for","interpreted","languages","."
"IN","NN",",","DT","NN","MD","VB","VBN","IN","VBN","NNS","CC","NNS","MD","VB","VBN","IN","VBN","NNS","."
"""","Lisa",",","""","said","Kyle",",","""","I","need","help","moving","this","box","of","toys","for","the","garage","sale","."
"``","NNP",",","''","VBD","NNP",",","``","PRP","VBP","NN","VBG","DT","NN","IN","NNS","IN","DT","NN","NN","."
"""","Sure","!",""""
"``","UH",".","''"
"The","two","primary","weather","themes","through","this","period","will","be","warm",",","above","normal","temperatures","this","week","and","cooler","/","windy","conditions","next","week","."
"DT","CD","JJ","NN","NNS","IN","DT","NN","MD","VB","JJ",",","IN","JJ","NNS","DT","NN","CC","NN","HYPH","JJ","NNS","JJ","NN","."
